sample,bioproject,group,biosample,acc,fastq_1,fastq_2,fna
liang_100_enriched,PRJNA524703,liang_100,SAMN11031368,SRR8652812,/mmfs1/gscratch/pedslabs_hoffman/carsonjm/CFPhageome/repos/uhvdb-manuscript/figure_4/activity_profiling/results/uhvdb/assemble/prjna524703/liang_100/liang_100_enriched/readdownload/SRR8652812_R1.deacon.fastq.gz,/mmfs1/gscratch/pedslabs_hoffman/carsonjm/CFPhageome/repos/uhvdb-manuscript/figure_4/activity_profiling/results/uhvdb/assemble/prjna524703/liang_100/liang_100_enriched/readdownload/SRR8652812_R2.deacon.fastq.gz,/mmfs1/gscratch/pedslabs_hoffman/carsonjm/CFPhageome/repos/uhvdb-manuscript/figure_4/activity_profiling/results/uhvdb/assemble/prjna524703/liang_100/liang_100_enriched/megahit/liang_100_enriched.contigs.fa.gz
liang_100_unenriched,PRJNA524703,liang_100,SAMN11031368,SRR9670878,/mmfs1/gscratch/pedslabs_hoffman/carsonjm/CFPhageome/repos/uhvdb-manuscript/figure_4/activity_profiling/results/uhvdb/assemble/prjna524703/liang_100/liang_100_unenriched/readdownload/SRR9670878_R1.deacon.fastq.gz,/mmfs1/gscratch/pedslabs_hoffman/carsonjm/CFPhageome/repos/uhvdb-manuscript/figure_4/activity_profiling/results/uhvdb/assemble/prjna524703/liang_100/liang_100_unenriched/readdownload/SRR9670878_R2.deacon.fastq.gz,/mmfs1/gscratch/pedslabs_hoffman/carsonjm/CFPhageome/repos/uhvdb-manuscript/figure_4/activity_profiling/results/uhvdb/assemble/prjna524703/liang_100/liang_100_unenriched/megahit/liang_100_unenriched.contigs.fa.gz
liang_101_enriched,PRJNA524703,liang_101,SAMN11031369,SRR8652813,/mmfs1/gscratch/pedslabs_hoffman/carsonjm/CFPhageome/repos/uhvdb-manuscript/figure_4/activity_profiling/results/uhvdb/assemble/prjna524703/liang_101/liang_101_enriched/readdownload/SRR8652813_R1.deacon.fastq.gz,/mmfs1/gscratch/pedslabs_hoffman/carsonjm/CFPhageome/repos/uhvdb-manuscript/figure_4/activity_profiling/results/uhvdb/assemble/prjna524703/liang_101/liang_101_enriched/readdownload/SRR8652813_R2.deacon.fastq.gz,/mmfs1/gscratch/pedslabs_hoffman/carsonjm/CFPhageome/repos/uhvdb-manuscript/figure_4/activity_profiling/results/uhvdb/assemble/prjna524703/liang_101/liang_101_enriched/megahit/liang_101_enriched.contigs.fa.gz
liang_101_unenriched,PRJNA524703,liang_101,SAMN11031369,SRR9670879,/mmfs1/gscratch/pedslabs_hoffman/carsonjm/CFPhageome/repos/uhvdb-manuscript/figure_4/activity_profiling/results/uhvdb/assemble/prjna524703/liang_101/liang_101_unenriched/readdownload/SRR9670879_R1.deacon.fastq.gz,/mmfs1/gscratch/pedslabs_hoffman/carsonjm/CFPhageome/repos/uhvdb-manuscript/figure_4/activity_profiling/results/uhvdb/assemble/prjna524703/liang_101/liang_101_unenriched/readdownload/SRR9670879_R2.deacon.fastq.gz,/mmfs1/gscratch/pedslabs_hoffman/carsonjm/CFPhageome/repos/uhvdb-manuscript/figure_4/activity_profiling/results/uhvdb/assemble/prjna524703/liang_101/liang_101_unenriched/megahit/liang_101_unenriched.contigs.fa.gz
liang_105_enriched,PRJNA524703,liang_105,SAMN11031371,SRR8653159,/mmfs1/gscratch/pedslabs_hoffman/carsonjm/CFPhageome/repos/uhvdb-manuscript/figure_4/activity_profiling/results/uhvdb/assemble/prjna524703/liang_105/liang_105_enriched/readdownload/SRR8653159_R1.deacon.fastq.gz,/mmfs1/gscratch/pedslabs_hoffman/carsonjm/CFPhageome/repos/uhvdb-manuscript/figure_4/activity_profiling/results/uhvdb/assemble/prjna524703/liang_105/liang_105_enriched/readdownload/SRR8653159_R2.deacon.fastq.gz,/mmfs1/gscratch/pedslabs_hoffman/carsonjm/CFPhageome/repos/uhvdb-manuscript/figure_4/activity_profiling/results/uhvdb/assemble/prjna524703/liang_105/liang_105_enriched/megahit/liang_105_enriched.contigs.fa.gz
liang_105_unenriched,PRJNA524703,liang_105,SAMN11031371,SRR9670881,/mmfs1/gscratch/pedslabs_hoffman/carsonjm/CFPhageome/repos/uhvdb-manuscript/figure_4/activity_profiling/results/uhvdb/assemble/prjna524703/liang_105/liang_105_unenriched/readdownload/SRR9670881_R1.deacon.fastq.gz,/mmfs1/gscratch/pedslabs_hoffman/carsonjm/CFPhageome/repos/uhvdb-manuscript/figure_4/activity_profiling/results/uhvdb/assemble/prjna524703/liang_105/liang_105_unenriched/readdownload/SRR9670881_R2.deacon.fastq.gz,/mmfs1/gscratch/pedslabs_hoffman/carsonjm/CFPhageome/repos/uhvdb-manuscript/figure_4/activity_profiling/results/uhvdb/assemble/prjna524703/liang_105/liang_105_unenriched/megahit/liang_105_unenriched.contigs.fa.gz
liang_126_enriched,PRJNA524703,liang_126,SAMN11031377,SRR8653153,/mmfs1/gscratch/pedslabs_hoffman/carsonjm/CFPhageome/repos/uhvdb-manuscript/figure_4/activity_profiling/results/uhvdb/assemble/prjna524703/liang_126/liang_126_enriched/readdownload/SRR8653153_R1.deacon.fastq.gz,/mmfs1/gscratch/pedslabs_hoffman/carsonjm/CFPhageome/repos/uhvdb-manuscript/figure_4/activity_profiling/results/uhvdb/assemble/prjna524703/liang_126/liang_126_enriched/readdownload/SRR8653153_R2.deacon.fastq.gz,/mmfs1/gscratch/pedslabs_hoffman/carsonjm/CFPhageome/repos/uhvdb-manuscript/figure_4/activity_profiling/results/uhvdb/assemble/prjna524703/liang_126/liang_126_enriched/megahit/liang_126_enriched.contigs.fa.gz
liang_126_unenriched,PRJNA524703,liang_126,SAMN11031377,SRR9670871,/mmfs1/gscratch/pedslabs_hoffman/carsonjm/CFPhageome/repos/uhvdb-manuscript/figure_4/activity_profiling/results/uhvdb/assemble/prjna524703/liang_126/liang_126_unenriched/readdownload/SRR9670871_R1.deacon.fastq.gz,/mmfs1/gscratch/pedslabs_hoffman/carsonjm/CFPhageome/repos/uhvdb-manuscript/figure_4/activity_profiling/results/uhvdb/assemble/prjna524703/liang_126/liang_126_unenriched/readdownload/SRR9670871_R2.deacon.fastq.gz,/mmfs1/gscratch/pedslabs_hoffman/carsonjm/CFPhageome/repos/uhvdb-manuscript/figure_4/activity_profiling/results/uhvdb/assemble/prjna524703/liang_126/liang_126_unenriched/megahit/liang_126_unenriched.contigs.fa.gz
liang_133_enriched,PRJNA524703,liang_133,SAMN11031379,SRR8653151,/mmfs1/gscratch/pedslabs_hoffman/carsonjm/CFPhageome/repos/uhvdb-manuscript/figure_4/activity_profiling/results/uhvdb/assemble/prjna524703/liang_133/liang_133_enriched/readdownload/SRR8653151_R1.deacon.fastq.gz,/mmfs1/gscratch/pedslabs_hoffman/carsonjm/CFPhageome/repos/uhvdb-manuscript/figure_4/activity_profiling/results/uhvdb/assemble/prjna524703/liang_133/liang_133_enriched/readdownload/SRR8653151_R2.deacon.fastq.gz,/mmfs1/gscratch/pedslabs_hoffman/carsonjm/CFPhageome/repos/uhvdb-manuscript/figure_4/activity_profiling/results/uhvdb/assemble/prjna524703/liang_133/liang_133_enriched/megahit/liang_133_enriched.contigs.fa.gz
liang_133_unenriched,PRJNA524703,liang_133,SAMN11031379,SRR9670862,/mmfs1/gscratch/pedslabs_hoffman/carsonjm/CFPhageome/repos/uhvdb-manuscript/figure_4/activity_profiling/results/uhvdb/assemble/prjna524703/liang_133/liang_133_unenriched/readdownload/SRR9670862_R1.deacon.fastq.gz,/mmfs1/gscratch/pedslabs_hoffman/carsonjm/CFPhageome/repos/uhvdb-manuscript/figure_4/activity_profiling/results/uhvdb/assemble/prjna524703/liang_133/liang_133_unenriched/readdownload/SRR9670862_R2.deacon.fastq.gz,/mmfs1/gscratch/pedslabs_hoffman/carsonjm/CFPhageome/repos/uhvdb-manuscript/figure_4/activity_profiling/results/uhvdb/assemble/prjna524703/liang_133/liang_133_unenriched/megahit/liang_133_unenriched.contigs.fa.gz
liang_145_enriched,PRJNA524703,liang_145,SAMN11031382,SRR8652818,/mmfs1/gscratch/pedslabs_hoffman/carsonjm/CFPhageome/repos/uhvdb-manuscript/figure_4/activity_profiling/results/uhvdb/assemble/prjna524703/liang_145/liang_145_enriched/readdownload/SRR8652818_R1.deacon.fastq.gz,/mmfs1/gscratch/pedslabs_hoffman/carsonjm/CFPhageome/repos/uhvdb-manuscript/figure_4/activity_profiling/results/uhvdb/assemble/prjna524703/liang_145/liang_145_enriched/readdownload/SRR8652818_R2.deacon.fastq.gz,/mmfs1/gscratch/pedslabs_hoffman/carsonjm/CFPhageome/repos/uhvdb-manuscript/figure_4/activity_profiling/results/uhvdb/assemble/prjna524703/liang_145/liang_145_enriched/megahit/liang_145_enriched.contigs.fa.gz
liang_145_unenriched,PRJNA524703,liang_145,SAMN11031382,SRR9670865,/mmfs1/gscratch/pedslabs_hoffman/carsonjm/CFPhageome/repos/uhvdb-manuscript/figure_4/activity_profiling/results/uhvdb/assemble/prjna524703/liang_145/liang_145_unenriched/readdownload/SRR9670865_R1.deacon.fastq.gz,/mmfs1/gscratch/pedslabs_hoffman/carsonjm/CFPhageome/repos/uhvdb-manuscript/figure_4/activity_profiling/results/uhvdb/assemble/prjna524703/liang_145/liang_145_unenriched/readdownload/SRR9670865_R2.deacon.fastq.gz,/mmfs1/gscratch/pedslabs_hoffman/carsonjm/CFPhageome/repos/uhvdb-manuscript/figure_4/activity_profiling/results/uhvdb/assemble/prjna524703/liang_145/liang_145_unenriched/megahit/liang_145_unenriched.contigs.fa.gz
liang_215_enriched,PRJNA524703,liang_215,SAMN11031398,SRR8652906,/mmfs1/gscratch/pedslabs_hoffman/carsonjm/CFPhageome/repos/uhvdb-manuscript/figure_4/activity_profiling/results/uhvdb/assemble/prjna524703/liang_215/liang_215_enriched/readdownload/SRR8652906_R1.deacon.fastq.gz,/mmfs1/gscratch/pedslabs_hoffman/carsonjm/CFPhageome/repos/uhvdb-manuscript/figure_4/activity_profiling/results/uhvdb/assemble/prjna524703/liang_215/liang_215_enriched/readdownload/SRR8652906_R2.deacon.fastq.gz,/mmfs1/gscratch/pedslabs_hoffman/carsonjm/CFPhageome/repos/uhvdb-manuscript/figure_4/activity_profiling/results/uhvdb/assemble/prjna524703/liang_215/liang_215_enriched/megahit/liang_215_enriched.contigs.fa.gz
liang_215_unenriched,PRJNA524703,liang_215,SAMN11031398,SRR9670859,/mmfs1/gscratch/pedslabs_hoffman/carsonjm/CFPhageome/repos/uhvdb-manuscript/figure_4/activity_profiling/results/uhvdb/assemble/prjna524703/liang_215/liang_215_unenriched/readdownload/SRR9670859_R1.deacon.fastq.gz,/mmfs1/gscratch/pedslabs_hoffman/carsonjm/CFPhageome/repos/uhvdb-manuscript/figure_4/activity_profiling/results/uhvdb/assemble/prjna524703/liang_215/liang_215_unenriched/readdownload/SRR9670859_R2.deacon.fastq.gz,/mmfs1/gscratch/pedslabs_hoffman/carsonjm/CFPhageome/repos/uhvdb-manuscript/figure_4/activity_profiling/results/uhvdb/assemble/prjna524703/liang_215/liang_215_unenriched/megahit/liang_215_unenriched.contigs.fa.gz
liang_230_enriched,PRJNA524703,liang_230,SAMN11031402,SRR8653269,/mmfs1/gscratch/pedslabs_hoffman/carsonjm/CFPhageome/repos/uhvdb-manuscript/figure_4/activity_profiling/results/uhvdb/assemble/prjna524703/liang_230/liang_230_enriched/readdownload/SRR8653269_R1.deacon.fastq.gz,/mmfs1/gscratch/pedslabs_hoffman/carsonjm/CFPhageome/repos/uhvdb-manuscript/figure_4/activity_profiling/results/uhvdb/assemble/prjna524703/liang_230/liang_230_enriched/readdownload/SRR8653269_R2.deacon.fastq.gz,/mmfs1/gscratch/pedslabs_hoffman/carsonjm/CFPhageome/repos/uhvdb-manuscript/figure_4/activity_profiling/results/uhvdb/assemble/prjna524703/liang_230/liang_230_enriched/megahit/liang_230_enriched.contigs.fa.gz
liang_230_unenriched,PRJNA524703,liang_230,SAMN11031402,SRR9670855,/mmfs1/gscratch/pedslabs_hoffman/carsonjm/CFPhageome/repos/uhvdb-manuscript/figure_4/activity_profiling/results/uhvdb/assemble/prjna524703/liang_230/liang_230_unenriched/readdownload/SRR9670855_R1.deacon.fastq.gz,/mmfs1/gscratch/pedslabs_hoffman/carsonjm/CFPhageome/repos/uhvdb-manuscript/figure_4/activity_profiling/results/uhvdb/assemble/prjna524703/liang_230/liang_230_unenriched/readdownload/SRR9670855_R2.deacon.fastq.gz,/mmfs1/gscratch/pedslabs_hoffman/carsonjm/CFPhageome/repos/uhvdb-manuscript/figure_4/activity_profiling/results/uhvdb/assemble/prjna524703/liang_230/liang_230_unenriched/megahit/liang_230_unenriched.contigs.fa.gz
liang_233_enriched,PRJNA524703,liang_233,SAMN11031404,SRR8653271,/mmfs1/gscratch/pedslabs_hoffman/carsonjm/CFPhageome/repos/uhvdb-manuscript/figure_4/activity_profiling/results/uhvdb/assemble/prjna524703/liang_233/liang_233_enriched/readdownload/SRR8653271_R1.deacon.fastq.gz,/mmfs1/gscratch/pedslabs_hoffman/carsonjm/CFPhageome/repos/uhvdb-manuscript/figure_4/activity_profiling/results/uhvdb/assemble/prjna524703/liang_233/liang_233_enriched/readdownload/SRR8653271_R2.deacon.fastq.gz,/mmfs1/gscratch/pedslabs_hoffman/carsonjm/CFPhageome/repos/uhvdb-manuscript/figure_4/activity_profiling/results/uhvdb/assemble/prjna524703/liang_233/liang_233_enriched/megahit/liang_233_enriched.contigs.fa.gz
liang_233_unenriched,PRJNA524703,liang_233,SAMN11031404,SRR9670922,/mmfs1/gscratch/pedslabs_hoffman/carsonjm/CFPhageome/repos/uhvdb-manuscript/figure_4/activity_profiling/results/uhvdb/assemble/prjna524703/liang_233/liang_233_unenriched/readdownload/SRR9670922_R1.deacon.fastq.gz,/mmfs1/gscratch/pedslabs_hoffman/carsonjm/CFPhageome/repos/uhvdb-manuscript/figure_4/activity_profiling/results/uhvdb/assemble/prjna524703/liang_233/liang_233_unenriched/readdownload/SRR9670922_R2.deacon.fastq.gz,/mmfs1/gscratch/pedslabs_hoffman/carsonjm/CFPhageome/repos/uhvdb-manuscript/figure_4/activity_profiling/results/uhvdb/assemble/prjna524703/liang_233/liang_233_unenriched/megahit/liang_233_unenriched.contigs.fa.gz
liang_234_enriched,PRJNA524703,liang_234,SAMN11031405,SRR8653272,/mmfs1/gscratch/pedslabs_hoffman/carsonjm/CFPhageome/repos/uhvdb-manuscript/figure_4/activity_profiling/results/uhvdb/assemble/prjna524703/liang_234/liang_234_enriched/readdownload/SRR8653272_R1.deacon.fastq.gz,/mmfs1/gscratch/pedslabs_hoffman/carsonjm/CFPhageome/repos/uhvdb-manuscript/figure_4/activity_profiling/results/uhvdb/assemble/prjna524703/liang_234/liang_234_enriched/readdownload/SRR8653272_R2.deacon.fastq.gz,/mmfs1/gscratch/pedslabs_hoffman/carsonjm/CFPhageome/repos/uhvdb-manuscript/figure_4/activity_profiling/results/uhvdb/assemble/prjna524703/liang_234/liang_234_enriched/megahit/liang_234_enriched.contigs.fa.gz
liang_234_unenriched,PRJNA524703,liang_234,SAMN11031405,SRR9670913,/mmfs1/gscratch/pedslabs_hoffman/carsonjm/CFPhageome/repos/uhvdb-manuscript/figure_4/activity_profiling/results/uhvdb/assemble/prjna524703/liang_234/liang_234_unenriched/readdownload/SRR9670913_R1.deacon.fastq.gz,/mmfs1/gscratch/pedslabs_hoffman/carsonjm/CFPhageome/repos/uhvdb-manuscript/figure_4/activity_profiling/results/uhvdb/assemble/prjna524703/liang_234/liang_234_unenriched/readdownload/SRR9670913_R2.deacon.fastq.gz,/mmfs1/gscratch/pedslabs_hoffman/carsonjm/CFPhageome/repos/uhvdb-manuscript/figure_4/activity_profiling/results/uhvdb/assemble/prjna524703/liang_234/liang_234_unenriched/megahit/liang_234_unenriched.contigs.fa.gz
liang_245_enriched,PRJNA524703,liang_245,SAMN11031407,SRR8653274,/mmfs1/gscratch/pedslabs_hoffman/carsonjm/CFPhageome/repos/uhvdb-manuscript/figure_4/activity_profiling/results/uhvdb/assemble/prjna524703/liang_245/liang_245_enriched/readdownload/SRR8653274_R1.deacon.fastq.gz,/mmfs1/gscratch/pedslabs_hoffman/carsonjm/CFPhageome/repos/uhvdb-manuscript/figure_4/activity_profiling/results/uhvdb/assemble/prjna524703/liang_245/liang_245_enriched/readdownload/SRR8653274_R2.deacon.fastq.gz,/mmfs1/gscratch/pedslabs_hoffman/carsonjm/CFPhageome/repos/uhvdb-manuscript/figure_4/activity_profiling/results/uhvdb/assemble/prjna524703/liang_245/liang_245_enriched/megahit/liang_245_enriched.contigs.fa.gz
liang_245_unenriched,PRJNA524703,liang_245,SAMN11031407,SRR9670917,/mmfs1/gscratch/pedslabs_hoffman/carsonjm/CFPhageome/repos/uhvdb-manuscript/figure_4/activity_profiling/results/uhvdb/assemble/prjna524703/liang_245/liang_245_unenriched/readdownload/SRR9670917_R1.deacon.fastq.gz,/mmfs1/gscratch/pedslabs_hoffman/carsonjm/CFPhageome/repos/uhvdb-manuscript/figure_4/activity_profiling/results/uhvdb/assemble/prjna524703/liang_245/liang_245_unenriched/readdownload/SRR9670917_R2.deacon.fastq.gz,/mmfs1/gscratch/pedslabs_hoffman/carsonjm/CFPhageome/repos/uhvdb-manuscript/figure_4/activity_profiling/results/uhvdb/assemble/prjna524703/liang_245/liang_245_unenriched/megahit/liang_245_unenriched.contigs.fa.gz
liang_261_enriched,PRJNA524703,liang_261,SAMN11031410,SRR8653180,/mmfs1/gscratch/pedslabs_hoffman/carsonjm/CFPhageome/repos/uhvdb-manuscript/figure_4/activity_profiling/results/uhvdb/assemble/prjna524703/liang_261/liang_261_enriched/readdownload/SRR8653180_R1.deacon.fastq.gz,/mmfs1/gscratch/pedslabs_hoffman/carsonjm/CFPhageome/repos/uhvdb-manuscript/figure_4/activity_profiling/results/uhvdb/assemble/prjna524703/liang_261/liang_261_enriched/readdownload/SRR8653180_R2.deacon.fastq.gz,/mmfs1/gscratch/pedslabs_hoffman/carsonjm/CFPhageome/repos/uhvdb-manuscript/figure_4/activity_profiling/results/uhvdb/assemble/prjna524703/liang_261/liang_261_enriched/megahit/liang_261_enriched.contigs.fa.gz
liang_261_unenriched,PRJNA524703,liang_261,SAMN11031410,SRR9670882,/mmfs1/gscratch/pedslabs_hoffman/carsonjm/CFPhageome/repos/uhvdb-manuscript/figure_4/activity_profiling/results/uhvdb/assemble/prjna524703/liang_261/liang_261_unenriched/readdownload/SRR9670882_R1.deacon.fastq.gz,/mmfs1/gscratch/pedslabs_hoffman/carsonjm/CFPhageome/repos/uhvdb-manuscript/figure_4/activity_profiling/results/uhvdb/assemble/prjna524703/liang_261/liang_261_unenriched/readdownload/SRR9670882_R2.deacon.fastq.gz,/mmfs1/gscratch/pedslabs_hoffman/carsonjm/CFPhageome/repos/uhvdb-manuscript/figure_4/activity_profiling/results/uhvdb/assemble/prjna524703/liang_261/liang_261_unenriched/megahit/liang_261_unenriched.contigs.fa.gz
liang_275_enriched,PRJNA524703,liang_275,SAMN11031413,SRR8653181,/mmfs1/gscratch/pedslabs_hoffman/carsonjm/CFPhageome/repos/uhvdb-manuscript/figure_4/activity_profiling/results/uhvdb/assemble/prjna524703/liang_275/liang_275_enriched/readdownload/SRR8653181_R1.deacon.fastq.gz,/mmfs1/gscratch/pedslabs_hoffman/carsonjm/CFPhageome/repos/uhvdb-manuscript/figure_4/activity_profiling/results/uhvdb/assemble/prjna524703/liang_275/liang_275_enriched/readdownload/SRR8653181_R2.deacon.fastq.gz,/mmfs1/gscratch/pedslabs_hoffman/carsonjm/CFPhageome/repos/uhvdb-manuscript/figure_4/activity_profiling/results/uhvdb/assemble/prjna524703/liang_275/liang_275_enriched/megahit/liang_275_enriched.contigs.fa.gz
liang_275_unenriched,PRJNA524703,liang_275,SAMN11031413,SRR9670884,/mmfs1/gscratch/pedslabs_hoffman/carsonjm/CFPhageome/repos/uhvdb-manuscript/figure_4/activity_profiling/results/uhvdb/assemble/prjna524703/liang_275/liang_275_unenriched/readdownload/SRR9670884_R1.deacon.fastq.gz,/mmfs1/gscratch/pedslabs_hoffman/carsonjm/CFPhageome/repos/uhvdb-manuscript/figure_4/activity_profiling/results/uhvdb/assemble/prjna524703/liang_275/liang_275_unenriched/readdownload/SRR9670884_R2.deacon.fastq.gz,/mmfs1/gscratch/pedslabs_hoffman/carsonjm/CFPhageome/repos/uhvdb-manuscript/figure_4/activity_profiling/results/uhvdb/assemble/prjna524703/liang_275/liang_275_unenriched/megahit/liang_275_unenriched.contigs.fa.gz
liang_280_enriched,PRJNA524703,liang_280,SAMN11031415,SRR8653183,/mmfs1/gscratch/pedslabs_hoffman/carsonjm/CFPhageome/repos/uhvdb-manuscript/figure_4/activity_profiling/results/uhvdb/assemble/prjna524703/liang_280/liang_280_enriched/readdownload/SRR8653183_R1.deacon.fastq.gz,/mmfs1/gscratch/pedslabs_hoffman/carsonjm/CFPhageome/repos/uhvdb-manuscript/figure_4/activity_profiling/results/uhvdb/assemble/prjna524703/liang_280/liang_280_enriched/readdownload/SRR8653183_R2.deacon.fastq.gz,/mmfs1/gscratch/pedslabs_hoffman/carsonjm/CFPhageome/repos/uhvdb-manuscript/figure_4/activity_profiling/results/uhvdb/assemble/prjna524703/liang_280/liang_280_enriched/megahit/liang_280_enriched.contigs.fa.gz
liang_280_unenriched,PRJNA524703,liang_280,SAMN11031415,SRR9670930,/mmfs1/gscratch/pedslabs_hoffman/carsonjm/CFPhageome/repos/uhvdb-manuscript/figure_4/activity_profiling/results/uhvdb/assemble/prjna524703/liang_280/liang_280_unenriched/readdownload/SRR9670930_R1.deacon.fastq.gz,/mmfs1/gscratch/pedslabs_hoffman/carsonjm/CFPhageome/repos/uhvdb-manuscript/figure_4/activity_profiling/results/uhvdb/assemble/prjna524703/liang_280/liang_280_unenriched/readdownload/SRR9670930_R2.deacon.fastq.gz,/mmfs1/gscratch/pedslabs_hoffman/carsonjm/CFPhageome/repos/uhvdb-manuscript/figure_4/activity_profiling/results/uhvdb/assemble/prjna524703/liang_280/liang_280_unenriched/megahit/liang_280_unenriched.contigs.fa.gz
liang_283_enriched,PRJNA524703,liang_283,SAMN11031417,SRR8653185,/mmfs1/gscratch/pedslabs_hoffman/carsonjm/CFPhageome/repos/uhvdb-manuscript/figure_4/activity_profiling/results/uhvdb/assemble/prjna524703/liang_283/liang_283_enriched/readdownload/SRR8653185_R1.deacon.fastq.gz,/mmfs1/gscratch/pedslabs_hoffman/carsonjm/CFPhageome/repos/uhvdb-manuscript/figure_4/activity_profiling/results/uhvdb/assemble/prjna524703/liang_283/liang_283_enriched/readdownload/SRR8653185_R2.deacon.fastq.gz,/mmfs1/gscratch/pedslabs_hoffman/carsonjm/CFPhageome/repos/uhvdb-manuscript/figure_4/activity_profiling/results/uhvdb/assemble/prjna524703/liang_283/liang_283_enriched/megahit/liang_283_enriched.contigs.fa.gz
liang_283_unenriched,PRJNA524703,liang_283,SAMN11031417,SRR9670908,/mmfs1/gscratch/pedslabs_hoffman/carsonjm/CFPhageome/repos/uhvdb-manuscript/figure_4/activity_profiling/results/uhvdb/assemble/prjna524703/liang_283/liang_283_unenriched/readdownload/SRR9670908_R1.deacon.fastq.gz,/mmfs1/gscratch/pedslabs_hoffman/carsonjm/CFPhageome/repos/uhvdb-manuscript/figure_4/activity_profiling/results/uhvdb/assemble/prjna524703/liang_283/liang_283_unenriched/readdownload/SRR9670908_R2.deacon.fastq.gz,/mmfs1/gscratch/pedslabs_hoffman/carsonjm/CFPhageome/repos/uhvdb-manuscript/figure_4/activity_profiling/results/uhvdb/assemble/prjna524703/liang_283/liang_283_unenriched/megahit/liang_283_unenriched.contigs.fa.gz
liang_287_enriched,PRJNA524703,liang_287,SAMN11031419,SRR8653187,/mmfs1/gscratch/pedslabs_hoffman/carsonjm/CFPhageome/repos/uhvdb-manuscript/figure_4/activity_profiling/results/uhvdb/assemble/prjna524703/liang_287/liang_287_enriched/readdownload/SRR8653187_R1.deacon.fastq.gz,/mmfs1/gscratch/pedslabs_hoffman/carsonjm/CFPhageome/repos/uhvdb-manuscript/figure_4/activity_profiling/results/uhvdb/assemble/prjna524703/liang_287/liang_287_enriched/readdownload/SRR8653187_R2.deacon.fastq.gz,/mmfs1/gscratch/pedslabs_hoffman/carsonjm/CFPhageome/repos/uhvdb-manuscript/figure_4/activity_profiling/results/uhvdb/assemble/prjna524703/liang_287/liang_287_enriched/megahit/liang_287_enriched.contigs.fa.gz
liang_287_unenriched,PRJNA524703,liang_287,SAMN11031419,SRR9670933,/mmfs1/gscratch/pedslabs_hoffman/carsonjm/CFPhageome/repos/uhvdb-manuscript/figure_4/activity_profiling/results/uhvdb/assemble/prjna524703/liang_287/liang_287_unenriched/readdownload/SRR9670933_R1.deacon.fastq.gz,/mmfs1/gscratch/pedslabs_hoffman/carsonjm/CFPhageome/repos/uhvdb-manuscript/figure_4/activity_profiling/results/uhvdb/assemble/prjna524703/liang_287/liang_287_unenriched/readdownload/SRR9670933_R2.deacon.fastq.gz,/mmfs1/gscratch/pedslabs_hoffman/carsonjm/CFPhageome/repos/uhvdb-manuscript/figure_4/activity_profiling/results/uhvdb/assemble/prjna524703/liang_287/liang_287_unenriched/megahit/liang_287_unenriched.contigs.fa.gz
liang_306_enriched,PRJNA524703,liang_306,SAMN11031428,SRR8653028,/mmfs1/gscratch/pedslabs_hoffman/carsonjm/CFPhageome/repos/uhvdb-manuscript/figure_4/activity_profiling/results/uhvdb/assemble/prjna524703/liang_306/liang_306_enriched/readdownload/SRR8653028_R1.deacon.fastq.gz,/mmfs1/gscratch/pedslabs_hoffman/carsonjm/CFPhageome/repos/uhvdb-manuscript/figure_4/activity_profiling/results/uhvdb/assemble/prjna524703/liang_306/liang_306_enriched/readdownload/SRR8653028_R2.deacon.fastq.gz,/mmfs1/gscratch/pedslabs_hoffman/carsonjm/CFPhageome/repos/uhvdb-manuscript/figure_4/activity_profiling/results/uhvdb/assemble/prjna524703/liang_306/liang_306_enriched/megahit/liang_306_enriched.contigs.fa.gz
liang_306_unenriched,PRJNA524703,liang_306,SAMN11031428,SRR9670926,/mmfs1/gscratch/pedslabs_hoffman/carsonjm/CFPhageome/repos/uhvdb-manuscript/figure_4/activity_profiling/results/uhvdb/assemble/prjna524703/liang_306/liang_306_unenriched/readdownload/SRR9670926_R1.deacon.fastq.gz,/mmfs1/gscratch/pedslabs_hoffman/carsonjm/CFPhageome/repos/uhvdb-manuscript/figure_4/activity_profiling/results/uhvdb/assemble/prjna524703/liang_306/liang_306_unenriched/readdownload/SRR9670926_R2.deacon.fastq.gz,/mmfs1/gscratch/pedslabs_hoffman/carsonjm/CFPhageome/repos/uhvdb-manuscript/figure_4/activity_profiling/results/uhvdb/assemble/prjna524703/liang_306/liang_306_unenriched/megahit/liang_306_unenriched.contigs.fa.gz
liang_348_enriched,PRJNA524703,liang_348,SAMN11031434,SRR8652848,/mmfs1/gscratch/pedslabs_hoffman/carsonjm/CFPhageome/repos/uhvdb-manuscript/figure_4/activity_profiling/results/uhvdb/assemble/prjna524703/liang_348/liang_348_enriched/readdownload/SRR8652848_R1.deacon.fastq.gz,/mmfs1/gscratch/pedslabs_hoffman/carsonjm/CFPhageome/repos/uhvdb-manuscript/figure_4/activity_profiling/results/uhvdb/assemble/prjna524703/liang_348/liang_348_enriched/readdownload/SRR8652848_R2.deacon.fastq.gz,/mmfs1/gscratch/pedslabs_hoffman/carsonjm/CFPhageome/repos/uhvdb-manuscript/figure_4/activity_profiling/results/uhvdb/assemble/prjna524703/liang_348/liang_348_enriched/megahit/liang_348_enriched.contigs.fa.gz
liang_348_unenriched,PRJNA524703,liang_348,SAMN11031434,SRR9670896,/mmfs1/gscratch/pedslabs_hoffman/carsonjm/CFPhageome/repos/uhvdb-manuscript/figure_4/activity_profiling/results/uhvdb/assemble/prjna524703/liang_348/liang_348_unenriched/readdownload/SRR9670896_R1.deacon.fastq.gz,/mmfs1/gscratch/pedslabs_hoffman/carsonjm/CFPhageome/repos/uhvdb-manuscript/figure_4/activity_profiling/results/uhvdb/assemble/prjna524703/liang_348/liang_348_unenriched/readdownload/SRR9670896_R2.deacon.fastq.gz,/mmfs1/gscratch/pedslabs_hoffman/carsonjm/CFPhageome/repos/uhvdb-manuscript/figure_4/activity_profiling/results/uhvdb/assemble/prjna524703/liang_348/liang_348_unenriched/megahit/liang_348_unenriched.contigs.fa.gz
liang_370_enriched,PRJNA524703,liang_370,SAMN11031440,SRR8653193,/mmfs1/gscratch/pedslabs_hoffman/carsonjm/CFPhageome/repos/uhvdb-manuscript/figure_4/activity_profiling/results/uhvdb/assemble/prjna524703/liang_370/liang_370_enriched/readdownload/SRR8653193_R1.deacon.fastq.gz,/mmfs1/gscratch/pedslabs_hoffman/carsonjm/CFPhageome/repos/uhvdb-manuscript/figure_4/activity_profiling/results/uhvdb/assemble/prjna524703/liang_370/liang_370_enriched/readdownload/SRR8653193_R2.deacon.fastq.gz,/mmfs1/gscratch/pedslabs_hoffman/carsonjm/CFPhageome/repos/uhvdb-manuscript/figure_4/activity_profiling/results/uhvdb/assemble/prjna524703/liang_370/liang_370_enriched/megahit/liang_370_enriched.contigs.fa.gz
liang_370_unenriched,PRJNA524703,liang_370,SAMN11031440,SRR9670921,/mmfs1/gscratch/pedslabs_hoffman/carsonjm/CFPhageome/repos/uhvdb-manuscript/figure_4/activity_profiling/results/uhvdb/assemble/prjna524703/liang_370/liang_370_unenriched/readdownload/SRR9670921_R1.deacon.fastq.gz,/mmfs1/gscratch/pedslabs_hoffman/carsonjm/CFPhageome/repos/uhvdb-manuscript/figure_4/activity_profiling/results/uhvdb/assemble/prjna524703/liang_370/liang_370_unenriched/readdownload/SRR9670921_R2.deacon.fastq.gz,/mmfs1/gscratch/pedslabs_hoffman/carsonjm/CFPhageome/repos/uhvdb-manuscript/figure_4/activity_profiling/results/uhvdb/assemble/prjna524703/liang_370/liang_370_unenriched/megahit/liang_370_unenriched.contigs.fa.gz
liang_386_enriched,PRJNA524703,liang_386,SAMN11031444,SRR8653189,/mmfs1/gscratch/pedslabs_hoffman/carsonjm/CFPhageome/repos/uhvdb-manuscript/figure_4/activity_profiling/results/uhvdb/assemble/prjna524703/liang_386/liang_386_enriched/readdownload/SRR8653189_R1.deacon.fastq.gz,/mmfs1/gscratch/pedslabs_hoffman/carsonjm/CFPhageome/repos/uhvdb-manuscript/figure_4/activity_profiling/results/uhvdb/assemble/prjna524703/liang_386/liang_386_enriched/readdownload/SRR8653189_R2.deacon.fastq.gz,/mmfs1/gscratch/pedslabs_hoffman/carsonjm/CFPhageome/repos/uhvdb-manuscript/figure_4/activity_profiling/results/uhvdb/assemble/prjna524703/liang_386/liang_386_enriched/megahit/liang_386_enriched.contigs.fa.gz
liang_386_unenriched,PRJNA524703,liang_386,SAMN11031444,SRR9670915,/mmfs1/gscratch/pedslabs_hoffman/carsonjm/CFPhageome/repos/uhvdb-manuscript/figure_4/activity_profiling/results/uhvdb/assemble/prjna524703/liang_386/liang_386_unenriched/readdownload/SRR9670915_R1.deacon.fastq.gz,/mmfs1/gscratch/pedslabs_hoffman/carsonjm/CFPhageome/repos/uhvdb-manuscript/figure_4/activity_profiling/results/uhvdb/assemble/prjna524703/liang_386/liang_386_unenriched/readdownload/SRR9670915_R2.deacon.fastq.gz,/mmfs1/gscratch/pedslabs_hoffman/carsonjm/CFPhageome/repos/uhvdb-manuscript/figure_4/activity_profiling/results/uhvdb/assemble/prjna524703/liang_386/liang_386_unenriched/megahit/liang_386_unenriched.contigs.fa.gz
liang_392_enriched,PRJNA524703,liang_392,SAMN11031445,SRR8653190,/mmfs1/gscratch/pedslabs_hoffman/carsonjm/CFPhageome/repos/uhvdb-manuscript/figure_4/activity_profiling/results/uhvdb/assemble/prjna524703/liang_392/liang_392_enriched/readdownload/SRR8653190_R1.deacon.fastq.gz,/mmfs1/gscratch/pedslabs_hoffman/carsonjm/CFPhageome/repos/uhvdb-manuscript/figure_4/activity_profiling/results/uhvdb/assemble/prjna524703/liang_392/liang_392_enriched/readdownload/SRR8653190_R2.deacon.fastq.gz,/mmfs1/gscratch/pedslabs_hoffman/carsonjm/CFPhageome/repos/uhvdb-manuscript/figure_4/activity_profiling/results/uhvdb/assemble/prjna524703/liang_392/liang_392_enriched/megahit/liang_392_enriched.contigs.fa.gz
liang_392_unenriched,PRJNA524703,liang_392,SAMN11031445,SRR9670927,/mmfs1/gscratch/pedslabs_hoffman/carsonjm/CFPhageome/repos/uhvdb-manuscript/figure_4/activity_profiling/results/uhvdb/assemble/prjna524703/liang_392/liang_392_unenriched/readdownload/SRR9670927_R1.deacon.fastq.gz,/mmfs1/gscratch/pedslabs_hoffman/carsonjm/CFPhageome/repos/uhvdb-manuscript/figure_4/activity_profiling/results/uhvdb/assemble/prjna524703/liang_392/liang_392_unenriched/readdownload/SRR9670927_R2.deacon.fastq.gz,/mmfs1/gscratch/pedslabs_hoffman/carsonjm/CFPhageome/repos/uhvdb-manuscript/figure_4/activity_profiling/results/uhvdb/assemble/prjna524703/liang_392/liang_392_unenriched/megahit/liang_392_unenriched.contigs.fa.gz
liang_3334_enriched,PRJNA524703,liang_3334,SAMN11031279,SRR8653134,/mmfs1/gscratch/pedslabs_hoffman/carsonjm/CFPhageome/repos/uhvdb-manuscript/figure_4/activity_profiling/results/uhvdb/assemble/prjna524703/liang_3334/liang_3334_enriched/readdownload/SRR8653134_R1.deacon.fastq.gz,/mmfs1/gscratch/pedslabs_hoffman/carsonjm/CFPhageome/repos/uhvdb-manuscript/figure_4/activity_profiling/results/uhvdb/assemble/prjna524703/liang_3334/liang_3334_enriched/readdownload/SRR8653134_R2.deacon.fastq.gz,/mmfs1/gscratch/pedslabs_hoffman/carsonjm/CFPhageome/repos/uhvdb-manuscript/figure_4/activity_profiling/results/uhvdb/assemble/prjna524703/liang_3334/liang_3334_enriched/megahit/liang_3334_enriched.contigs.fa.gz
liang_3334_unenriched,PRJNA524703,liang_3334,SAMN11031279,SRR8653287,/mmfs1/gscratch/pedslabs_hoffman/carsonjm/CFPhageome/repos/uhvdb-manuscript/figure_4/activity_profiling/results/uhvdb/assemble/prjna524703/liang_3334/liang_3334_unenriched/readdownload/SRR8653287_R1.deacon.fastq.gz,/mmfs1/gscratch/pedslabs_hoffman/carsonjm/CFPhageome/repos/uhvdb-manuscript/figure_4/activity_profiling/results/uhvdb/assemble/prjna524703/liang_3334/liang_3334_unenriched/readdownload/SRR8653287_R2.deacon.fastq.gz,/mmfs1/gscratch/pedslabs_hoffman/carsonjm/CFPhageome/repos/uhvdb-manuscript/figure_4/activity_profiling/results/uhvdb/assemble/prjna524703/liang_3334/liang_3334_unenriched/megahit/liang_3334_unenriched.contigs.fa.gz
liang_3451_enriched,PRJNA524703,liang_3451,SAMN11031284,SRR8652956,/mmfs1/gscratch/pedslabs_hoffman/carsonjm/CFPhageome/repos/uhvdb-manuscript/figure_4/activity_profiling/results/uhvdb/assemble/prjna524703/liang_3451/liang_3451_enriched/readdownload/SRR8652956_R1.deacon.fastq.gz,/mmfs1/gscratch/pedslabs_hoffman/carsonjm/CFPhageome/repos/uhvdb-manuscript/figure_4/activity_profiling/results/uhvdb/assemble/prjna524703/liang_3451/liang_3451_enriched/readdownload/SRR8652956_R2.deacon.fastq.gz,/mmfs1/gscratch/pedslabs_hoffman/carsonjm/CFPhageome/repos/uhvdb-manuscript/figure_4/activity_profiling/results/uhvdb/assemble/prjna524703/liang_3451/liang_3451_enriched/megahit/liang_3451_enriched.contigs.fa.gz
liang_3451_unenriched,PRJNA524703,liang_3451,SAMN11031284,SRR8652859,/mmfs1/gscratch/pedslabs_hoffman/carsonjm/CFPhageome/repos/uhvdb-manuscript/figure_4/activity_profiling/results/uhvdb/assemble/prjna524703/liang_3451/liang_3451_unenriched/readdownload/SRR8652859_R1.deacon.fastq.gz,/mmfs1/gscratch/pedslabs_hoffman/carsonjm/CFPhageome/repos/uhvdb-manuscript/figure_4/activity_profiling/results/uhvdb/assemble/prjna524703/liang_3451/liang_3451_unenriched/readdownload/SRR8652859_R2.deacon.fastq.gz,/mmfs1/gscratch/pedslabs_hoffman/carsonjm/CFPhageome/repos/uhvdb-manuscript/figure_4/activity_profiling/results/uhvdb/assemble/prjna524703/liang_3451/liang_3451_unenriched/megahit/liang_3451_unenriched.contigs.fa.gz
liang_3454_enriched,PRJNA524703,liang_3454,SAMN11031285,SRR8653138,/mmfs1/gscratch/pedslabs_hoffman/carsonjm/CFPhageome/repos/uhvdb-manuscript/figure_4/activity_profiling/results/uhvdb/assemble/prjna524703/liang_3454/liang_3454_enriched/readdownload/SRR8653138_R1.deacon.fastq.gz,/mmfs1/gscratch/pedslabs_hoffman/carsonjm/CFPhageome/repos/uhvdb-manuscript/figure_4/activity_profiling/results/uhvdb/assemble/prjna524703/liang_3454/liang_3454_enriched/readdownload/SRR8653138_R2.deacon.fastq.gz,/mmfs1/gscratch/pedslabs_hoffman/carsonjm/CFPhageome/repos/uhvdb-manuscript/figure_4/activity_profiling/results/uhvdb/assemble/prjna524703/liang_3454/liang_3454_enriched/megahit/liang_3454_enriched.contigs.fa.gz
liang_3454_unenriched,PRJNA524703,liang_3454,SAMN11031285,SRR8653276,/mmfs1/gscratch/pedslabs_hoffman/carsonjm/CFPhageome/repos/uhvdb-manuscript/figure_4/activity_profiling/results/uhvdb/assemble/prjna524703/liang_3454/liang_3454_unenriched/readdownload/SRR8653276_R1.deacon.fastq.gz,/mmfs1/gscratch/pedslabs_hoffman/carsonjm/CFPhageome/repos/uhvdb-manuscript/figure_4/activity_profiling/results/uhvdb/assemble/prjna524703/liang_3454/liang_3454_unenriched/readdownload/SRR8653276_R2.deacon.fastq.gz,/mmfs1/gscratch/pedslabs_hoffman/carsonjm/CFPhageome/repos/uhvdb-manuscript/figure_4/activity_profiling/results/uhvdb/assemble/prjna524703/liang_3454/liang_3454_unenriched/megahit/liang_3454_unenriched.contigs.fa.gz
liang_3521_enriched,PRJNA524703,liang_3521,SAMN11031287,SRR8652941,/mmfs1/gscratch/pedslabs_hoffman/carsonjm/CFPhageome/repos/uhvdb-manuscript/figure_4/activity_profiling/results/uhvdb/assemble/prjna524703/liang_3521/liang_3521_enriched/readdownload/SRR8652941_R1.deacon.fastq.gz,/mmfs1/gscratch/pedslabs_hoffman/carsonjm/CFPhageome/repos/uhvdb-manuscript/figure_4/activity_profiling/results/uhvdb/assemble/prjna524703/liang_3521/liang_3521_enriched/readdownload/SRR8652941_R2.deacon.fastq.gz,/mmfs1/gscratch/pedslabs_hoffman/carsonjm/CFPhageome/repos/uhvdb-manuscript/figure_4/activity_profiling/results/uhvdb/assemble/prjna524703/liang_3521/liang_3521_enriched/megahit/liang_3521_enriched.contigs.fa.gz
liang_3521_unenriched,PRJNA524703,liang_3521,SAMN11031287,SRR8653214,/mmfs1/gscratch/pedslabs_hoffman/carsonjm/CFPhageome/repos/uhvdb-manuscript/figure_4/activity_profiling/results/uhvdb/assemble/prjna524703/liang_3521/liang_3521_unenriched/readdownload/SRR8653214_R1.deacon.fastq.gz,/mmfs1/gscratch/pedslabs_hoffman/carsonjm/CFPhageome/repos/uhvdb-manuscript/figure_4/activity_profiling/results/uhvdb/assemble/prjna524703/liang_3521/liang_3521_unenriched/readdownload/SRR8653214_R2.deacon.fastq.gz,/mmfs1/gscratch/pedslabs_hoffman/carsonjm/CFPhageome/repos/uhvdb-manuscript/figure_4/activity_profiling/results/uhvdb/assemble/prjna524703/liang_3521/liang_3521_unenriched/megahit/liang_3521_unenriched.contigs.fa.gz
liang_3594_enriched,PRJNA524703,liang_3594,SAMN11031294,SRR8652948,/mmfs1/gscratch/pedslabs_hoffman/carsonjm/CFPhageome/repos/uhvdb-manuscript/figure_4/activity_profiling/results/uhvdb/assemble/prjna524703/liang_3594/liang_3594_enriched/readdownload/SRR8652948_R1.deacon.fastq.gz,/mmfs1/gscratch/pedslabs_hoffman/carsonjm/CFPhageome/repos/uhvdb-manuscript/figure_4/activity_profiling/results/uhvdb/assemble/prjna524703/liang_3594/liang_3594_enriched/readdownload/SRR8652948_R2.deacon.fastq.gz,/mmfs1/gscratch/pedslabs_hoffman/carsonjm/CFPhageome/repos/uhvdb-manuscript/figure_4/activity_profiling/results/uhvdb/assemble/prjna524703/liang_3594/liang_3594_enriched/megahit/liang_3594_enriched.contigs.fa.gz
liang_3594_unenriched,PRJNA524703,liang_3594,SAMN11031294,SRR8653221,/mmfs1/gscratch/pedslabs_hoffman/carsonjm/CFPhageome/repos/uhvdb-manuscript/figure_4/activity_profiling/results/uhvdb/assemble/prjna524703/liang_3594/liang_3594_unenriched/readdownload/SRR8653221_R1.deacon.fastq.gz,/mmfs1/gscratch/pedslabs_hoffman/carsonjm/CFPhageome/repos/uhvdb-manuscript/figure_4/activity_profiling/results/uhvdb/assemble/prjna524703/liang_3594/liang_3594_unenriched/readdownload/SRR8653221_R2.deacon.fastq.gz,/mmfs1/gscratch/pedslabs_hoffman/carsonjm/CFPhageome/repos/uhvdb-manuscript/figure_4/activity_profiling/results/uhvdb/assemble/prjna524703/liang_3594/liang_3594_unenriched/megahit/liang_3594_unenriched.contigs.fa.gz
liang_3681_enriched,PRJNA524703,liang_3681,SAMN11031299,SRR8653082,/mmfs1/gscratch/pedslabs_hoffman/carsonjm/CFPhageome/repos/uhvdb-manuscript/figure_4/activity_profiling/results/uhvdb/assemble/prjna524703/liang_3681/liang_3681_enriched/readdownload/SRR8653082_R1.deacon.fastq.gz,/mmfs1/gscratch/pedslabs_hoffman/carsonjm/CFPhageome/repos/uhvdb-manuscript/figure_4/activity_profiling/results/uhvdb/assemble/prjna524703/liang_3681/liang_3681_enriched/readdownload/SRR8653082_R2.deacon.fastq.gz,/mmfs1/gscratch/pedslabs_hoffman/carsonjm/CFPhageome/repos/uhvdb-manuscript/figure_4/activity_profiling/results/uhvdb/assemble/prjna524703/liang_3681/liang_3681_enriched/megahit/liang_3681_enriched.contigs.fa.gz
liang_3681_unenriched,PRJNA524703,liang_3681,SAMN11031299,SRR8653249,/mmfs1/gscratch/pedslabs_hoffman/carsonjm/CFPhageome/repos/uhvdb-manuscript/figure_4/activity_profiling/results/uhvdb/assemble/prjna524703/liang_3681/liang_3681_unenriched/readdownload/SRR8653249_R1.deacon.fastq.gz,/mmfs1/gscratch/pedslabs_hoffman/carsonjm/CFPhageome/repos/uhvdb-manuscript/figure_4/activity_profiling/results/uhvdb/assemble/prjna524703/liang_3681/liang_3681_unenriched/readdownload/SRR8653249_R2.deacon.fastq.gz,/mmfs1/gscratch/pedslabs_hoffman/carsonjm/CFPhageome/repos/uhvdb-manuscript/figure_4/activity_profiling/results/uhvdb/assemble/prjna524703/liang_3681/liang_3681_unenriched/megahit/liang_3681_unenriched.contigs.fa.gz
liang_3734_enriched,PRJNA524703,liang_3734,SAMN11031303,SRR8653078,/mmfs1/gscratch/pedslabs_hoffman/carsonjm/CFPhageome/repos/uhvdb-manuscript/figure_4/activity_profiling/results/uhvdb/assemble/prjna524703/liang_3734/liang_3734_enriched/readdownload/SRR8653078_R1.deacon.fastq.gz,/mmfs1/gscratch/pedslabs_hoffman/carsonjm/CFPhageome/repos/uhvdb-manuscript/figure_4/activity_profiling/results/uhvdb/assemble/prjna524703/liang_3734/liang_3734_enriched/readdownload/SRR8653078_R2.deacon.fastq.gz,/mmfs1/gscratch/pedslabs_hoffman/carsonjm/CFPhageome/repos/uhvdb-manuscript/figure_4/activity_profiling/results/uhvdb/assemble/prjna524703/liang_3734/liang_3734_enriched/megahit/liang_3734_enriched.contigs.fa.gz
liang_3734_unenriched,PRJNA524703,liang_3734,SAMN11031303,SRR8653245,/mmfs1/gscratch/pedslabs_hoffman/carsonjm/CFPhageome/repos/uhvdb-manuscript/figure_4/activity_profiling/results/uhvdb/assemble/prjna524703/liang_3734/liang_3734_unenriched/readdownload/SRR8653245_R1.deacon.fastq.gz,/mmfs1/gscratch/pedslabs_hoffman/carsonjm/CFPhageome/repos/uhvdb-manuscript/figure_4/activity_profiling/results/uhvdb/assemble/prjna524703/liang_3734/liang_3734_unenriched/readdownload/SRR8653245_R2.deacon.fastq.gz,/mmfs1/gscratch/pedslabs_hoffman/carsonjm/CFPhageome/repos/uhvdb-manuscript/figure_4/activity_profiling/results/uhvdb/assemble/prjna524703/liang_3734/liang_3734_unenriched/megahit/liang_3734_unenriched.contigs.fa.gz
liang_3764_enriched,PRJNA524703,liang_3764,SAMN11031309,SRR8653236,/mmfs1/gscratch/pedslabs_hoffman/carsonjm/CFPhageome/repos/uhvdb-manuscript/figure_4/activity_profiling/results/uhvdb/assemble/prjna524703/liang_3764/liang_3764_enriched/readdownload/SRR8653236_R1.deacon.fastq.gz,/mmfs1/gscratch/pedslabs_hoffman/carsonjm/CFPhageome/repos/uhvdb-manuscript/figure_4/activity_profiling/results/uhvdb/assemble/prjna524703/liang_3764/liang_3764_enriched/readdownload/SRR8653236_R2.deacon.fastq.gz,/mmfs1/gscratch/pedslabs_hoffman/carsonjm/CFPhageome/repos/uhvdb-manuscript/figure_4/activity_profiling/results/uhvdb/assemble/prjna524703/liang_3764/liang_3764_enriched/megahit/liang_3764_enriched.contigs.fa.gz
liang_3764_unenriched,PRJNA524703,liang_3764,SAMN11031309,SRR8653090,/mmfs1/gscratch/pedslabs_hoffman/carsonjm/CFPhageome/repos/uhvdb-manuscript/figure_4/activity_profiling/results/uhvdb/assemble/prjna524703/liang_3764/liang_3764_unenriched/readdownload/SRR8653090_R1.deacon.fastq.gz,/mmfs1/gscratch/pedslabs_hoffman/carsonjm/CFPhageome/repos/uhvdb-manuscript/figure_4/activity_profiling/results/uhvdb/assemble/prjna524703/liang_3764/liang_3764_unenriched/readdownload/SRR8653090_R2.deacon.fastq.gz,/mmfs1/gscratch/pedslabs_hoffman/carsonjm/CFPhageome/repos/uhvdb-manuscript/figure_4/activity_profiling/results/uhvdb/assemble/prjna524703/liang_3764/liang_3764_unenriched/megahit/liang_3764_unenriched.contigs.fa.gz
liang_3854_enriched,PRJNA524703,liang_3854,SAMN11031312,SRR8653235,/mmfs1/gscratch/pedslabs_hoffman/carsonjm/CFPhageome/repos/uhvdb-manuscript/figure_4/activity_profiling/results/uhvdb/assemble/prjna524703/liang_3854/liang_3854_enriched/readdownload/SRR8653235_R1.deacon.fastq.gz,/mmfs1/gscratch/pedslabs_hoffman/carsonjm/CFPhageome/repos/uhvdb-manuscript/figure_4/activity_profiling/results/uhvdb/assemble/prjna524703/liang_3854/liang_3854_enriched/readdownload/SRR8653235_R2.deacon.fastq.gz,/mmfs1/gscratch/pedslabs_hoffman/carsonjm/CFPhageome/repos/uhvdb-manuscript/figure_4/activity_profiling/results/uhvdb/assemble/prjna524703/liang_3854/liang_3854_enriched/megahit/liang_3854_enriched.contigs.fa.gz
liang_3854_unenriched,PRJNA524703,liang_3854,SAMN11031312,SRR8653089,/mmfs1/gscratch/pedslabs_hoffman/carsonjm/CFPhageome/repos/uhvdb-manuscript/figure_4/activity_profiling/results/uhvdb/assemble/prjna524703/liang_3854/liang_3854_unenriched/readdownload/SRR8653089_R1.deacon.fastq.gz,/mmfs1/gscratch/pedslabs_hoffman/carsonjm/CFPhageome/repos/uhvdb-manuscript/figure_4/activity_profiling/results/uhvdb/assemble/prjna524703/liang_3854/liang_3854_unenriched/readdownload/SRR8653089_R2.deacon.fastq.gz,/mmfs1/gscratch/pedslabs_hoffman/carsonjm/CFPhageome/repos/uhvdb-manuscript/figure_4/activity_profiling/results/uhvdb/assemble/prjna524703/liang_3854/liang_3854_unenriched/megahit/liang_3854_unenriched.contigs.fa.gz
liang_3941_enriched,PRJNA524703,liang_3941,SAMN11031317,SRR8652882,/mmfs1/gscratch/pedslabs_hoffman/carsonjm/CFPhageome/repos/uhvdb-manuscript/figure_4/activity_profiling/results/uhvdb/assemble/prjna524703/liang_3941/liang_3941_enriched/readdownload/SRR8652882_R1.deacon.fastq.gz,/mmfs1/gscratch/pedslabs_hoffman/carsonjm/CFPhageome/repos/uhvdb-manuscript/figure_4/activity_profiling/results/uhvdb/assemble/prjna524703/liang_3941/liang_3941_enriched/readdownload/SRR8652882_R2.deacon.fastq.gz,/mmfs1/gscratch/pedslabs_hoffman/carsonjm/CFPhageome/repos/uhvdb-manuscript/figure_4/activity_profiling/results/uhvdb/assemble/prjna524703/liang_3941/liang_3941_enriched/megahit/liang_3941_enriched.contigs.fa.gz
liang_3941_unenriched,PRJNA524703,liang_3941,SAMN11031317,SRR8652913,/mmfs1/gscratch/pedslabs_hoffman/carsonjm/CFPhageome/repos/uhvdb-manuscript/figure_4/activity_profiling/results/uhvdb/assemble/prjna524703/liang_3941/liang_3941_unenriched/readdownload/SRR8652913_R1.deacon.fastq.gz,/mmfs1/gscratch/pedslabs_hoffman/carsonjm/CFPhageome/repos/uhvdb-manuscript/figure_4/activity_profiling/results/uhvdb/assemble/prjna524703/liang_3941/liang_3941_unenriched/readdownload/SRR8652913_R2.deacon.fastq.gz,/mmfs1/gscratch/pedslabs_hoffman/carsonjm/CFPhageome/repos/uhvdb-manuscript/figure_4/activity_profiling/results/uhvdb/assemble/prjna524703/liang_3941/liang_3941_unenriched/megahit/liang_3941_unenriched.contigs.fa.gz
liang_3944_enriched,PRJNA524703,liang_3944,SAMN11031318,SRR8652881,/mmfs1/gscratch/pedslabs_hoffman/carsonjm/CFPhageome/repos/uhvdb-manuscript/figure_4/activity_profiling/results/uhvdb/assemble/prjna524703/liang_3944/liang_3944_enriched/readdownload/SRR8652881_R1.deacon.fastq.gz,/mmfs1/gscratch/pedslabs_hoffman/carsonjm/CFPhageome/repos/uhvdb-manuscript/figure_4/activity_profiling/results/uhvdb/assemble/prjna524703/liang_3944/liang_3944_enriched/readdownload/SRR8652881_R2.deacon.fastq.gz,/mmfs1/gscratch/pedslabs_hoffman/carsonjm/CFPhageome/repos/uhvdb-manuscript/figure_4/activity_profiling/results/uhvdb/assemble/prjna524703/liang_3944/liang_3944_enriched/megahit/liang_3944_enriched.contigs.fa.gz
liang_3944_unenriched,PRJNA524703,liang_3944,SAMN11031318,SRR8652914,/mmfs1/gscratch/pedslabs_hoffman/carsonjm/CFPhageome/repos/uhvdb-manuscript/figure_4/activity_profiling/results/uhvdb/assemble/prjna524703/liang_3944/liang_3944_unenriched/readdownload/SRR8652914_R1.deacon.fastq.gz,/mmfs1/gscratch/pedslabs_hoffman/carsonjm/CFPhageome/repos/uhvdb-manuscript/figure_4/activity_profiling/results/uhvdb/assemble/prjna524703/liang_3944/liang_3944_unenriched/readdownload/SRR8652914_R2.deacon.fastq.gz,/mmfs1/gscratch/pedslabs_hoffman/carsonjm/CFPhageome/repos/uhvdb-manuscript/figure_4/activity_profiling/results/uhvdb/assemble/prjna524703/liang_3944/liang_3944_unenriched/megahit/liang_3944_unenriched.contigs.fa.gz
liang_3951_enriched,PRJNA524703,liang_3951,SAMN11031320,SRR8652879,/mmfs1/gscratch/pedslabs_hoffman/carsonjm/CFPhageome/repos/uhvdb-manuscript/figure_4/activity_profiling/results/uhvdb/assemble/prjna524703/liang_3951/liang_3951_enriched/readdownload/SRR8652879_R1.deacon.fastq.gz,/mmfs1/gscratch/pedslabs_hoffman/carsonjm/CFPhageome/repos/uhvdb-manuscript/figure_4/activity_profiling/results/uhvdb/assemble/prjna524703/liang_3951/liang_3951_enriched/readdownload/SRR8652879_R2.deacon.fastq.gz,/mmfs1/gscratch/pedslabs_hoffman/carsonjm/CFPhageome/repos/uhvdb-manuscript/figure_4/activity_profiling/results/uhvdb/assemble/prjna524703/liang_3951/liang_3951_enriched/megahit/liang_3951_enriched.contigs.fa.gz
liang_3951_unenriched,PRJNA524703,liang_3951,SAMN11031320,SRR8652912,/mmfs1/gscratch/pedslabs_hoffman/carsonjm/CFPhageome/repos/uhvdb-manuscript/figure_4/activity_profiling/results/uhvdb/assemble/prjna524703/liang_3951/liang_3951_unenriched/readdownload/SRR8652912_R1.deacon.fastq.gz,/mmfs1/gscratch/pedslabs_hoffman/carsonjm/CFPhageome/repos/uhvdb-manuscript/figure_4/activity_profiling/results/uhvdb/assemble/prjna524703/liang_3951/liang_3951_unenriched/readdownload/SRR8652912_R2.deacon.fastq.gz,/mmfs1/gscratch/pedslabs_hoffman/carsonjm/CFPhageome/repos/uhvdb-manuscript/figure_4/activity_profiling/results/uhvdb/assemble/prjna524703/liang_3951/liang_3951_unenriched/megahit/liang_3951_unenriched.contigs.fa.gz
liang_3964_enriched,PRJNA524703,liang_3964,SAMN11031324,SRR8652883,/mmfs1/gscratch/pedslabs_hoffman/carsonjm/CFPhageome/repos/uhvdb-manuscript/figure_4/activity_profiling/results/uhvdb/assemble/prjna524703/liang_3964/liang_3964_enriched/readdownload/SRR8652883_R1.deacon.fastq.gz,/mmfs1/gscratch/pedslabs_hoffman/carsonjm/CFPhageome/repos/uhvdb-manuscript/figure_4/activity_profiling/results/uhvdb/assemble/prjna524703/liang_3964/liang_3964_enriched/readdownload/SRR8652883_R2.deacon.fastq.gz,/mmfs1/gscratch/pedslabs_hoffman/carsonjm/CFPhageome/repos/uhvdb-manuscript/figure_4/activity_profiling/results/uhvdb/assemble/prjna524703/liang_3964/liang_3964_enriched/megahit/liang_3964_enriched.contigs.fa.gz
liang_3964_unenriched,PRJNA524703,liang_3964,SAMN11031324,SRR8652916,/mmfs1/gscratch/pedslabs_hoffman/carsonjm/CFPhageome/repos/uhvdb-manuscript/figure_4/activity_profiling/results/uhvdb/assemble/prjna524703/liang_3964/liang_3964_unenriched/readdownload/SRR8652916_R1.deacon.fastq.gz,/mmfs1/gscratch/pedslabs_hoffman/carsonjm/CFPhageome/repos/uhvdb-manuscript/figure_4/activity_profiling/results/uhvdb/assemble/prjna524703/liang_3964/liang_3964_unenriched/readdownload/SRR8652916_R2.deacon.fastq.gz,/mmfs1/gscratch/pedslabs_hoffman/carsonjm/CFPhageome/repos/uhvdb-manuscript/figure_4/activity_profiling/results/uhvdb/assemble/prjna524703/liang_3964/liang_3964_unenriched/megahit/liang_3964_unenriched.contigs.fa.gz
liang_4001_enriched,PRJNA524703,liang_4001,SAMN11031329,SRR8653002,/mmfs1/gscratch/pedslabs_hoffman/carsonjm/CFPhageome/repos/uhvdb-manuscript/figure_4/activity_profiling/results/uhvdb/assemble/prjna524703/liang_4001/liang_4001_enriched/readdownload/SRR8653002_R1.deacon.fastq.gz,/mmfs1/gscratch/pedslabs_hoffman/carsonjm/CFPhageome/repos/uhvdb-manuscript/figure_4/activity_profiling/results/uhvdb/assemble/prjna524703/liang_4001/liang_4001_enriched/readdownload/SRR8653002_R2.deacon.fastq.gz,/mmfs1/gscratch/pedslabs_hoffman/carsonjm/CFPhageome/repos/uhvdb-manuscript/figure_4/activity_profiling/results/uhvdb/assemble/prjna524703/liang_4001/liang_4001_enriched/megahit/liang_4001_enriched.contigs.fa.gz
liang_4001_unenriched,PRJNA524703,liang_4001,SAMN11031329,SRR8653035,/mmfs1/gscratch/pedslabs_hoffman/carsonjm/CFPhageome/repos/uhvdb-manuscript/figure_4/activity_profiling/results/uhvdb/assemble/prjna524703/liang_4001/liang_4001_unenriched/readdownload/SRR8653035_R1.deacon.fastq.gz,/mmfs1/gscratch/pedslabs_hoffman/carsonjm/CFPhageome/repos/uhvdb-manuscript/figure_4/activity_profiling/results/uhvdb/assemble/prjna524703/liang_4001/liang_4001_unenriched/readdownload/SRR8653035_R2.deacon.fastq.gz,/mmfs1/gscratch/pedslabs_hoffman/carsonjm/CFPhageome/repos/uhvdb-manuscript/figure_4/activity_profiling/results/uhvdb/assemble/prjna524703/liang_4001/liang_4001_unenriched/megahit/liang_4001_unenriched.contigs.fa.gz
liang_4014_enriched,PRJNA524703,liang_4014,SAMN11031333,SRR8652998,/mmfs1/gscratch/pedslabs_hoffman/carsonjm/CFPhageome/repos/uhvdb-manuscript/figure_4/activity_profiling/results/uhvdb/assemble/prjna524703/liang_4014/liang_4014_enriched/readdownload/SRR8652998_R1.deacon.fastq.gz,/mmfs1/gscratch/pedslabs_hoffman/carsonjm/CFPhageome/repos/uhvdb-manuscript/figure_4/activity_profiling/results/uhvdb/assemble/prjna524703/liang_4014/liang_4014_enriched/readdownload/SRR8652998_R2.deacon.fastq.gz,/mmfs1/gscratch/pedslabs_hoffman/carsonjm/CFPhageome/repos/uhvdb-manuscript/figure_4/activity_profiling/results/uhvdb/assemble/prjna524703/liang_4014/liang_4014_enriched/megahit/liang_4014_enriched.contigs.fa.gz
liang_4014_unenriched,PRJNA524703,liang_4014,SAMN11031333,SRR8653039,/mmfs1/gscratch/pedslabs_hoffman/carsonjm/CFPhageome/repos/uhvdb-manuscript/figure_4/activity_profiling/results/uhvdb/assemble/prjna524703/liang_4014/liang_4014_unenriched/readdownload/SRR8653039_R1.deacon.fastq.gz,/mmfs1/gscratch/pedslabs_hoffman/carsonjm/CFPhageome/repos/uhvdb-manuscript/figure_4/activity_profiling/results/uhvdb/assemble/prjna524703/liang_4014/liang_4014_unenriched/readdownload/SRR8653039_R2.deacon.fastq.gz,/mmfs1/gscratch/pedslabs_hoffman/carsonjm/CFPhageome/repos/uhvdb-manuscript/figure_4/activity_profiling/results/uhvdb/assemble/prjna524703/liang_4014/liang_4014_unenriched/megahit/liang_4014_unenriched.contigs.fa.gz
liang_4281_enriched,PRJNA524703,liang_4281,SAMN11031335,SRR8653005,/mmfs1/gscratch/pedslabs_hoffman/carsonjm/CFPhageome/repos/uhvdb-manuscript/figure_4/activity_profiling/results/uhvdb/assemble/prjna524703/liang_4281/liang_4281_enriched/readdownload/SRR8653005_R1.deacon.fastq.gz,/mmfs1/gscratch/pedslabs_hoffman/carsonjm/CFPhageome/repos/uhvdb-manuscript/figure_4/activity_profiling/results/uhvdb/assemble/prjna524703/liang_4281/liang_4281_enriched/readdownload/SRR8653005_R2.deacon.fastq.gz,/mmfs1/gscratch/pedslabs_hoffman/carsonjm/CFPhageome/repos/uhvdb-manuscript/figure_4/activity_profiling/results/uhvdb/assemble/prjna524703/liang_4281/liang_4281_enriched/megahit/liang_4281_enriched.contigs.fa.gz
liang_4281_unenriched,PRJNA524703,liang_4281,SAMN11031335,SRR8653031,/mmfs1/gscratch/pedslabs_hoffman/carsonjm/CFPhageome/repos/uhvdb-manuscript/figure_4/activity_profiling/results/uhvdb/assemble/prjna524703/liang_4281/liang_4281_unenriched/readdownload/SRR8653031_R1.deacon.fastq.gz,/mmfs1/gscratch/pedslabs_hoffman/carsonjm/CFPhageome/repos/uhvdb-manuscript/figure_4/activity_profiling/results/uhvdb/assemble/prjna524703/liang_4281/liang_4281_unenriched/readdownload/SRR8653031_R2.deacon.fastq.gz,/mmfs1/gscratch/pedslabs_hoffman/carsonjm/CFPhageome/repos/uhvdb-manuscript/figure_4/activity_profiling/results/uhvdb/assemble/prjna524703/liang_4281/liang_4281_unenriched/megahit/liang_4281_unenriched.contigs.fa.gz
liang_4284_enriched,PRJNA524703,liang_4284,SAMN11031336,SRR8653006,/mmfs1/gscratch/pedslabs_hoffman/carsonjm/CFPhageome/repos/uhvdb-manuscript/figure_4/activity_profiling/results/uhvdb/assemble/prjna524703/liang_4284/liang_4284_enriched/readdownload/SRR8653006_R1.deacon.fastq.gz,/mmfs1/gscratch/pedslabs_hoffman/carsonjm/CFPhageome/repos/uhvdb-manuscript/figure_4/activity_profiling/results/uhvdb/assemble/prjna524703/liang_4284/liang_4284_enriched/readdownload/SRR8653006_R2.deacon.fastq.gz,/mmfs1/gscratch/pedslabs_hoffman/carsonjm/CFPhageome/repos/uhvdb-manuscript/figure_4/activity_profiling/results/uhvdb/assemble/prjna524703/liang_4284/liang_4284_enriched/megahit/liang_4284_enriched.contigs.fa.gz
liang_4284_unenriched,PRJNA524703,liang_4284,SAMN11031336,SRR8653030,/mmfs1/gscratch/pedslabs_hoffman/carsonjm/CFPhageome/repos/uhvdb-manuscript/figure_4/activity_profiling/results/uhvdb/assemble/prjna524703/liang_4284/liang_4284_unenriched/readdownload/SRR8653030_R1.deacon.fastq.gz,/mmfs1/gscratch/pedslabs_hoffman/carsonjm/CFPhageome/repos/uhvdb-manuscript/figure_4/activity_profiling/results/uhvdb/assemble/prjna524703/liang_4284/liang_4284_unenriched/readdownload/SRR8653030_R2.deacon.fastq.gz,/mmfs1/gscratch/pedslabs_hoffman/carsonjm/CFPhageome/repos/uhvdb-manuscript/figure_4/activity_profiling/results/uhvdb/assemble/prjna524703/liang_4284/liang_4284_unenriched/megahit/liang_4284_unenriched.contigs.fa.gz